{
    "num_nodes": 1687,
    "num_edges": 1843,
    "global_efficiency": 0.028186355879003602,
    "local_efficiency": 0.023292027737789444,
    "average_path_length_topological": 58.326837493609986,
    "average_path_length_weighted": 147601.62782959244,
    "average_clustering_coefficient": 0.022289026260573386,
    "robustness_random_failure": {
        "0.0": 1.0,
        "0.05": 0.5780082987551867,
        "0.1": 0.2831061055127445,
        "0.2": 0.05287492590397155,
        "0.3": 0.024659158269116774,
        "0.4": 0.014463544754001186,
        "0.5": 0.01013633669235329
    },
    "efficiency_decay_random_failure": {
        "0.0": 0.028186355879003592,
        "0.05": 0.016087395274995607,
        "0.1": 0.007748519164155599,
        "0.2": 0.0038665484058513565,
        "0.3": 0.0028659239128977607,
        "0.4": 0.0023558707304415023,
        "0.5": 0.002034892832842014
    },
    "efficiency_decay_targeted_degree": {
        "0.0": 0.028186355879003602,
        "0.05": 0.006621339494728381,
        "0.1": 0.003914075849592533,
        "0.2": 0.0021352102441825403,
        "0.3": 0.0020071491033205368,
        "0.4": 0.0018546907447548656,
        "0.5": 0.002018200981973707
    },
    "efficiency_decay_targeted_betweenness": {
        "0.0": 0.028186355879003602,
        "0.05": 0.019103135948868852,
        "0.1": 0.01475251548318945,
        "0.2": 0.008789733036571244,
        "0.3": 0.006343474157671008,
        "0.4": 0.005237136095859302,
        "0.5": 0.004949150895521805
    }
}