{
    "efficiency_decay_articulation": {
        "0.0": 0.025810207646341454,
        "0.05": 0.012667666523293328,
        "0.1": 0.013435576398780536,
        "0.2": 0.01680658028877391,
        "0.3": 0.012360033599927866,
        "0.4": 0.002857051899228554,
        "0.5": 0.0017567533132544315,
        "0.6": 0.0017167409962626332,
        "0.7": 0.002357421840674606,
        "0.8": 0.002626331874050478,
        "0.9": 0.0009048244044067931
    },
    "efficiency_decay_betweenness": {
        "0.0": 0.025810207646341454,
        "0.05": 0.015249484882144582,
        "0.1": 0.012792112779031679,
        "0.2": 0.005810767870547775,
        "0.3": 0.005139489158679908,
        "0.4": 0.004710461724534328,
        "0.5": 0.004333401909513494,
        "0.6": 0.004390455356873923,
        "0.7": 0.004693779630920783,
        "0.8": 0.003958695746977656,
        "0.9": 0.0021763331923217374
    },
    "efficiency_decay_degree": {
        "0.0": 0.025810207646341454,
        "0.05": 0.016112157977894965,
        "0.1": 0.0041440741844048735,
        "0.2": 0.0018988867712323293,
        "0.3": 0.001437580994385323,
        "0.4": 0.001482960583728332,
        "0.5": 0.0018446983313237162,
        "0.6": 0.002606546480527834,
        "0.7": 0.0017852619552027969,
        "0.8": 0.0013199766682384958,
        "0.9": 0.0008809609036312293
    },
    "efficiency_decay_inverse_betweenness": {
        "0.0": 0.025810207646341454,
        "0.05": 0.02622942596800027,
        "0.1": 0.026286276334438398,
        "0.2": 0.026145536409026643,
        "0.3": 0.026610638066515178,
        "0.4": 0.027526876775518086,
        "0.5": 0.02833393850362213,
        "0.6": 0.02971198569149086,
        "0.7": 0.03062949272827142,
        "0.8": 0.03232452461353812,
        "0.9": 0.029916872726077407
    },
    "efficiency_decay_inverse_degree": {
        "0.0": 0.025810207646341454,
        "0.05": 0.025643787871322758,
        "0.1": 0.01639940923453077,
        "0.2": 0.0071994007723301815,
        "0.3": 0.007939997627942199,
        "0.4": 0.008260053920742992,
        "0.5": 0.008762454881074723,
        "0.6": 0.01090774912327466,
        "0.7": 0.01749991944426268,
        "0.8": 0.02963221360325894,
        "0.9": 0.05848258093574659
    },
    "efficiency_decay_random": {
        "efficiency": {
            "0.0": 0.025810207646341454,
            "0.05": 0.015091510841258069,
            "0.1": 0.007384960034140186,
            "0.2": 0.003883367154780229,
            "0.3": 0.002662026584605921,
            "0.4": 0.0020460390326585594,
            "0.5": 0.001565653743973877,
            "0.6": 0.0013195665344837078,
            "0.7": 0.0011394010539642252,
            "0.8": 0.0010346213801311777,
            "0.9": 0.0009363242254305373
        },
        "lcc": {
            "0.0": 1.0,
            "0.05": 0.6546768060836503,
            "0.1": 0.2574835810577255,
            "0.2": 0.08252333218112685,
            "0.3": 0.04510197027307294,
            "0.4": 0.028254407189768408,
            "0.5": 0.014165226408572415,
            "0.6": 0.008544763221569305,
            "0.7": 0.004376080193570688,
            "0.8": 0.0027445558244037333,
            "0.9": 0.0013688212927756654
        },
        "params": {
            "fractions": [
                0.0,
                0.05,
                0.1,
                0.2,
                0.3,
                0.4,
                0.5,
                0.6,
                0.7,
                0.8,
                0.9
            ],
            "num_simulations": 50
        }
    },
    "global_metrics": {
        "average_clustering_coefficient": 0.08581403042170412,
        "average_path_length_topo": 61.10397132266894,
        "average_path_length_weighted": 66.88755993302614,
        "global_efficiency": 0.025810207646341454,
        "lcc_edges": 3584,
        "lcc_nodes": 2873,
        "local_efficiency": 0.10148401108563569,
        "num_edges": 3598,
        "num_nodes": 2893
    }
}