{
    "global_metrics": {
        "num_nodes": 2893,
        "num_edges": 3598,
        "lcc_nodes": 2873,
        "lcc_edges": 3584,
        "average_path_length_topo": 61.10397132266894,
        "average_clustering_coefficient": 0.08641141316045596,
        "global_efficiency": 0.026163904087870418,
        "local_efficiency": 0.10219047827035992,
        "average_path_length_weighted": 66.88755993302615
    },
    "robustness_random": {
        "0.0": 1.0,
        "0.05": 0.7104420466411417,
        "0.1": 0.268917507831535,
        "0.2": 0.06978767838496344,
        "0.3": 0.04956491472328576,
        "0.4": 0.027845457709711103,
        "0.5": 0.0161155586494953,
        "params": {
            "num_simulations": 10,
            "fractions": [
                0.0,
                0.05,
                0.1,
                0.2,
                0.3,
                0.4,
                0.5
            ]
        }
    },
    "targeted_attack_degree": {
        "0.0": 0.026163904087870418,
        "0.05": 0.016340629980484776,
        "0.1": 0.004681394373711177,
        "0.2": 0.0019246018024375842,
        "0.3": 0.0014533797210865783,
        "0.4": 0.0014906735529887935,
        "0.5": 0.0018485132773878774
    },
    "efficiency_decay_random": {
        "0.0": 0.026163904087870418,
        "0.05": 0.015470795047552737,
        "0.1": 0.007397417143618135,
        "0.2": 0.0037377912587645812,
        "0.3": 0.002715483041940307,
        "0.4": 0.002070051730159859,
        "0.5": 0.0016141435299218113,
        "0.6": 0.0013294956528787036,
        "0.7": 0.001184422075312722,
        "0.8": 0.0010474718837694143,
        "0.9": 0.0008945105820105819,
        "params": {
            "num_simulations": 50,
            "fractions": [
                0.0,
                0.05,
                0.1,
                0.2,
                0.3,
                0.4,
                0.5,
                0.6,
                0.7,
                0.8,
                0.9
            ]
        }
    },
    "efficiency_decay_degree": {
        "0.0": 0.026163904087870418,
        "0.05": 0.016340629980484776,
        "0.1": 0.004681394373711177,
        "0.2": 0.0019246018024375842,
        "0.3": 0.0014533797210865783,
        "0.4": 0.0014906735529887935,
        "0.5": 0.0018485132773878774,
        "0.6": 0.0026786961834250294,
        "0.7": 0.0018039109421681347,
        "0.8": 0.0013595294604232633,
        "0.9": 0.0009900471028519808
    },
    "efficiency_decay_betweenness": {
        "0.0": 0.026163904087870418,
        "0.05": 0.015454811717535715,
        "0.1": 0.012967696118547652,
        "0.2": 0.005892517660677244,
        "0.3": 0.005214243539791236,
        "0.4": 0.004796047004603702,
        "0.5": 0.004529156186377967,
        "0.6": 0.004445684531175425,
        "0.7": 0.005101764947906082,
        "0.8": 0.004368430133733773,
        "0.9": 0.0021351065268022293
    },
    "efficiency_decay_inverse_degree": {
        "0.0": 0.026163904087870418,
        "0.05": 0.024888501157473757,
        "0.1": 0.016563629114888585,
        "0.2": 0.007278962351988882,
        "0.3": 0.008041371834432915,
        "0.4": 0.008351223590400773,
        "0.5": 0.008871207462262868,
        "0.6": 0.011042570897333378,
        "0.7": 0.017700657890857903,
        "0.8": 0.03000083583970261,
        "0.9": 0.05915401945453988
    },
    "efficiency_decay_inverse_betweenness": {
        "0.0": 0.026163904087870418,
        "0.05": 0.026470692692116504,
        "0.1": 0.02621846641111672,
        "0.2": 0.026134284481878586,
        "0.3": 0.02657194672985836,
        "0.4": 0.027475479600041642,
        "0.5": 0.028321268621081534,
        "0.6": 0.0297928328539854,
        "0.7": 0.03070389171726093,
        "0.8": 0.03235536162060927,
        "0.9": 0.030243190897418684
    }
}