{
    "efficiency_decay_articulation": {
        "0.0": 0.026163904087870418,
        "0.05": 0.013001539876850562,
        "0.1": 0.013618604743161145,
        "0.2": 0.01703816015945483,
        "0.3": 0.012436158413268856,
        "0.4": 0.002873255693559877,
        "0.5": 0.0017757404340523926,
        "0.6": 0.0017419809693913955,
        "0.7": 0.0023903731843816192,
        "0.8": 0.0027179724616476736,
        "0.9": 0.0010586043360433603
    },
    "efficiency_decay_betweenness": {
        "0.0": 0.026163904087870418,
        "0.05": 0.015454811717535715,
        "0.1": 0.012967696118547652,
        "0.2": 0.005892517660677244,
        "0.3": 0.005214243539791236,
        "0.4": 0.004796047004603702,
        "0.5": 0.004529156186377967,
        "0.6": 0.004445684531175425,
        "0.7": 0.005101764947906082,
        "0.8": 0.004368430133733773,
        "0.9": 0.0021351065268022293
    },
    "efficiency_decay_degree": {
        "0.0": 0.026163904087870418,
        "0.05": 0.016340629980484776,
        "0.1": 0.004681394373711177,
        "0.2": 0.0019246018024375842,
        "0.3": 0.0014533797210865783,
        "0.4": 0.0014906735529887935,
        "0.5": 0.0018485132773878774,
        "0.6": 0.0026786961834250294,
        "0.7": 0.0018039109421681347,
        "0.8": 0.0013595294604232633,
        "0.9": 0.0009900471028519808
    },
    "efficiency_decay_inverse_betweenness": {
        "0.0": 0.026163904087870418,
        "0.05": 0.026470692692116504,
        "0.1": 0.02621846641111672,
        "0.2": 0.026134284481878586,
        "0.3": 0.02657194672985836,
        "0.4": 0.027475479600041642,
        "0.5": 0.028321268621081534,
        "0.6": 0.0297928328539854,
        "0.7": 0.03070389171726093,
        "0.8": 0.03235536162060927,
        "0.9": 0.030243190897418684
    },
    "efficiency_decay_inverse_degree": {
        "0.0": 0.026163904087870418,
        "0.05": 0.024888501157473757,
        "0.1": 0.016563629114888585,
        "0.2": 0.007278962351988882,
        "0.3": 0.008041371834432915,
        "0.4": 0.008351223590400773,
        "0.5": 0.008871207462262868,
        "0.6": 0.011042570897333378,
        "0.7": 0.017700657890857903,
        "0.8": 0.03000083583970261,
        "0.9": 0.05915401945453988
    },
    "efficiency_decay_random": {
        "efficiency": {
            "0.0": 0.026163904087870418,
            "0.05": 0.015597023345155787,
            "0.1": 0.007463409236157196,
            "0.2": 0.003803608466619089,
            "0.3": 0.0027378924968684483,
            "0.4": 0.002027367672820201,
            "0.5": 0.0016404146372516722,
            "0.6": 0.0013730153965464736,
            "0.7": 0.0011889811283895243,
            "0.8": 0.0010537575114881583,
            "0.9": 0.0009794570267131245
        },
        "lcc": {
            "0.0": 1.0,
            "0.05": 0.6831395753567701,
            "0.1": 0.2594709363035155,
            "0.2": 0.07773059519665854,
            "0.3": 0.047163243995823174,
            "0.4": 0.027768882701009398,
            "0.5": 0.016616776888270103,
            "0.6": 0.009182039679777237,
            "0.7": 0.005012182387747999,
            "0.8": 0.0026035502958579883,
            "0.9": 0.0014201183431952662
        },
        "params": {
            "fractions": [
                0.0,
                0.05,
                0.1,
                0.2,
                0.3,
                0.4,
                0.5,
                0.6,
                0.7,
                0.8,
                0.9
            ],
            "num_simulations": 50
        }
    },
    "global_metrics": {
        "average_clustering_coefficient": 0.08641141316045596,
        "average_path_length_topo": 61.10397132266894,
        "average_path_length_weighted": 66.88755993302614,
        "global_efficiency": 0.026163904087870418,
        "lcc_edges": 3584,
        "lcc_nodes": 2873,
        "local_efficiency": 0.10219047827035992,
        "num_edges": 3598,
        "num_nodes": 2893
    }
}