{
    "efficiency_decay_articulation": {
        "0.0": 0.020244453901377663,
        "0.05": 0.0031817175913450074,
        "0.1": 0.0034928618916443993,
        "0.2": 0.004370090966025987,
        "0.3": 0.0008254650804929856,
        "0.4": 0.0006264664113050924,
        "0.5": 0.0007225613464451352,
        "0.6": 0.0008313284066513747,
        "0.7": 0.001007679043975161,
        "0.8": 0.0011332418792601967,
        "0.9": 0.0007689935832989043
    },
    "efficiency_decay_betweenness": {
        "0.0": 0.020244453901377663,
        "0.05": 0.004521370332361165,
        "0.1": 0.002404937954825829,
        "0.2": 0.001413334741472038,
        "0.3": 0.0011710466798084342,
        "0.4": 0.0009479492135475468,
        "0.5": 0.0008911576176783598,
        "0.6": 0.0008797334568130225,
        "0.7": 0.0009069665936374958,
        "0.8": 0.0009173921780058492,
        "0.9": 0.0007470414463488418
    },
    "efficiency_decay_degree": {
        "0.0": 0.020244453901377663,
        "0.05": 0.0009485262054711082,
        "0.1": 0.0005340015990043718,
        "0.2": 0.0005015293266363832,
        "0.3": 0.000566275830487074,
        "0.4": 0.0006288945446277045,
        "0.5": 0.000733990850373933,
        "0.6": 0.0008596479036902557,
        "0.7": 0.0010098756460686995,
        "0.8": 0.0012513790183730014,
        "0.9": 0.00073276986685432
    },
    "efficiency_decay_inverse_betweenness": {
        "0.0": 0.020244453901377663,
        "0.05": 0.02024758640889338,
        "0.1": 0.01984010609256487,
        "0.2": 0.019678824814240214,
        "0.3": 0.019594140527661664,
        "0.4": 0.019571070144550746,
        "0.5": 0.019906305971885245,
        "0.6": 0.020124664932078415,
        "0.7": 0.021211317590306693,
        "0.8": 0.02284739637297282,
        "0.9": 0.027465360511834572
    },
    "efficiency_decay_inverse_degree": {
        "0.0": 0.020244453901377663,
        "0.05": 0.019963543364769305,
        "0.1": 0.019456438813586028,
        "0.2": 0.019370517356767217,
        "0.3": 0.019459070679154235,
        "0.4": 0.01754591066815376,
        "0.5": 0.01345840111790302,
        "0.6": 0.007565808558804157,
        "0.7": 0.003799028540825761,
        "0.8": 0.002879483839138787,
        "0.9": 0.0037130732778004757
    },
    "efficiency_decay_random": {
        "efficiency": {
            "0.0": 0.020244453901377663,
            "0.05": 0.0074434825095638325,
            "0.1": 0.0028266582963049915,
            "0.2": 0.0010946683276570502,
            "0.3": 0.0006099675288230931,
            "0.4": 0.00044056425764550417,
            "0.5": 0.00035576932446471635,
            "0.6": 0.000308267559247136,
            "0.7": 0.0002762615144178935,
            "0.8": 0.000252866405907085,
            "0.9": 0.00023051432908124367
        },
        "lcc": {
            "0.0": 1.0,
            "0.05": 0.4838915240255723,
            "0.1": 0.18308310991957108,
            "0.2": 0.06444009074035885,
            "0.3": 0.024677253041864303,
            "0.4": 0.010286657042689213,
            "0.5": 0.004390595999175088,
            "0.6": 0.0022087028253248093,
            "0.7": 0.0012270571251804497,
            "0.8": 0.0007568570839348318,
            "0.9": 0.0004207053000618684
        },
        "params": {
            "fractions": [
                0.0,
                0.05,
                0.1,
                0.2,
                0.3,
                0.4,
                0.5,
                0.6,
                0.7,
                0.8,
                0.9
            ],
            "num_simulations": 50
        }
    },
    "global_metrics": {
        "average_clustering_coefficient": 0.011060610524417494,
        "average_path_length_topo": 71.94704359583523,
        "global_efficiency": 0.020244453901377663,
        "lcc_edges": 10327,
        "lcc_nodes": 9698,
        "local_efficiency": 0.011242083058436946,
        "num_edges": 10952,
        "num_nodes": 10357
    }
}