{
    "efficiency_decay_articulation": {
        "0.0": 0.017791000787040677,
        "0.05": 0.0028141920063451727,
        "0.1": 0.003082491604376136,
        "0.2": 0.00384503643668531,
        "0.3": 0.001627220959113579,
        "0.4": 0.0005772233377137147,
        "0.5": 0.0006667226998149728,
        "0.6": 0.0007683252425473289,
        "0.7": 0.0009291154466723903,
        "0.8": 0.0010148505362257093,
        "0.9": 0.0006681498399924904
    },
    "efficiency_decay_betweenness": {
        "0.0": 0.017791000787040677,
        "0.05": 0.003944035060553935,
        "0.1": 0.0019244145797031112,
        "0.2": 0.0011935989317733398,
        "0.3": 0.0009706508312495337,
        "0.4": 0.0008590909918699992,
        "0.5": 0.0008382305395780747,
        "0.6": 0.0008899235980988503,
        "0.7": 0.0010380915016681882,
        "0.8": 0.0014279845926732913,
        "0.9": 0.0026576908131261765
    },
    "efficiency_decay_degree": {
        "0.0": 0.017791000787040677,
        "0.05": 0.0008280146454580816,
        "0.1": 0.00048709871881016926,
        "0.2": 0.00046877141580441633,
        "0.3": 0.0005280284031726217,
        "0.4": 0.0005883648126256782,
        "0.5": 0.0006831219279034942,
        "0.6": 0.0007973205385710153,
        "0.7": 0.0009259079887905511,
        "0.8": 0.001076290982701702,
        "0.9": 0.0006348140509631192
    },
    "efficiency_decay_inverse_betweenness": {
        "0.0": 0.017791000787040677,
        "0.05": 0.018279683343423406,
        "0.1": 0.020017089044999277,
        "0.2": 0.019837631968835572,
        "0.3": 0.019594342851183794,
        "0.4": 0.019558828488344965,
        "0.5": 0.019711382515460972,
        "0.6": 0.020050748788831688,
        "0.7": 0.021072307216414343,
        "0.8": 0.02262962538252467,
        "0.9": 0.026461071082558286
    },
    "efficiency_decay_inverse_degree": {
        "0.0": 0.017791000787040677,
        "0.05": 0.017913012326437973,
        "0.1": 0.017807848736309723,
        "0.2": 0.017178464317087812,
        "0.3": 0.01823705813407224,
        "0.4": 0.016422579177370267,
        "0.5": 0.012847727719195887,
        "0.6": 0.007132502909857427,
        "0.7": 0.003417647731409701,
        "0.8": 0.0026413162960373807,
        "0.9": 0.0033510036931073267
    },
    "efficiency_decay_random": {
        "efficiency": {
            "0.0": 0.017791000787040677,
            "0.05": 0.007039391175387816,
            "0.1": 0.0026402114217219676,
            "0.2": 0.0009373112910431288,
            "0.3": 0.0005448565023715047,
            "0.4": 0.0004007840893443576,
            "0.5": 0.00032912293191341894,
            "0.6": 0.00028785222600609373,
            "0.7": 0.00025764271519248763,
            "0.8": 0.0002349743243376411,
            "0.9": 0.00021665889491976449
        },
        "lcc": {
            "0.0": 1.0,
            "0.05": 0.47403302114511925,
            "0.1": 0.18390074345853047,
            "0.2": 0.05648546876508642,
            "0.3": 0.02122622380998359,
            "0.4": 0.009050883460461522,
            "0.5": 0.004109298059283576,
            "0.6": 0.00222265134691513,
            "0.7": 0.0011779472820314762,
            "0.8": 0.0006720092690933667,
            "0.9": 0.0004016607125615526
        },
        "params": {
            "fractions": [
                0.0,
                0.05,
                0.1,
                0.2,
                0.3,
                0.4,
                0.5,
                0.6,
                0.7,
                0.8,
                0.9
            ],
            "num_simulations": 50
        }
    },
    "global_metrics": {
        "average_clustering_coefficient": 0.010920067027047812,
        "average_path_length_topo": 71.94704359583523,
        "global_efficiency": 0.017791000787040677,
        "lcc_edges": 10327,
        "lcc_nodes": 9698,
        "local_efficiency": 0.011122177094466367,
        "num_edges": 10952,
        "num_nodes": 10357
    }
}